Name,z,ObsID,mass,mass_e,mass_E,mass_f,NH,NH_low,NH_high,KT,KT_low,KT_high,Tau,Tau_low,Tau_high,Fe line,Fe EW (KeV),chi^2,dof,model,fl_obs_210,fl_obs_2040,fl_int_210,fl_int_2040,fl_refl_210,fl_refl_2040,lum210,lum2040,gamma,theta,yy,gTortosa,ratio_210,ratio_2040
Mkn335,0.0258,60001041005,7.23,0.04,0.04,1,4.26104,0,0,31.4323,22.7453,44.0221,1.49138,1.08346,1.9924,6.12345,0.130368,958.295,895,WA*COMPTT+GA+PEX,5.89046E-12,5.43144E-12,8.47809E-12,5.43365E-12,9.12315E-13,4.48855E-12,0.129763,0.0826434,2.28062548547941,0.061511350293542,1.13914080044378,2.18579667485613,0.107608553341614,0.826065352019361
Mrk1148,0.0649,60160028002,7.82,0,0,2,0.505094,0,0,26.4,17.5886,83.0666,3.41892,1.18964,4.70936,6.78778,0.0498263,678.042,661,WA*COMPTT+GA+PEX,1.96995E-11,1.05046E-11,2.06002E-11,1.0507E-11,1.95513E-13,8.48572E-13,2.08312,1.07593,1.36867313045064,0.051663405088063,3.76730442988823,1.6756206052324,0.009490830186115,0.080762539259541
Fairall_9,0.047,60001130003,8.3,0.08,0.12,1,1.06972,0,0,140.226,86.6597,356.532,0.559406,0.139397,0.951807,6.10245,0.122317,1137.3,1234,WA*COMPTT+GA+PEX,2.17804E-11,1.3874E-11,2.39562E-11,1.38789E-11,7.5802E-13,4.80083E-12,1.24493,0.720043,2.8141699218931,0.274414872798434,2.00857914663768,1.92696516043057,0.03164191315818,0.345908537420113
Mrk1018,0.0424,60160087002,8.03,0,0,2,1.6132E-07,0,0,23.1338,,,4.27,3.58,4.58,6.25648,0.302233,130.108,136,WA*COMPTT+GA+PEX,1.75972E-12,1.08566E-12,1.75817E-12,1.08566E-12,1.80218E-14,1.23045E-13,0.0734401,0.0453559,1.27724900520663,0.045271624266145,4.81289361945103,1.58685294435534,0.010250317091066,0.113336587882026
Mrk590,0.0264,90201043002,7.57,0.06,0.07,1,0.000953726,0,0,13.02,,,6.27,5.58,6.8,6.22343,0.2676,463.03,455,WA*COMPTT+PO+PEX,3.07393E-12,2.30868E-12,3.07162E-12,2.30867E-12,8.70816E-14,4.34272E-13,0.0485109,0.0366138,1.23168955879808,0.025479452054795,5.11918976570463,1.56524471118076,0.028350381883176,0.188104839582963
AM0224m283,0.0598,60363002002,7.91,0,0,2,4.23999E-08,0,0,13.79,,,6.019,5.049,6.64,6.00294,0.0729727,169.733,219,WA*COMPTT+PO+PEX,3.08565E-12,2.33753E-12,3.08302E-12,2.33752E-12,1.05601E-13,5.28537E-13,0.260512,0.19949,1.23698889765158,0.026986301369863,5.05267338609841,1.5698005177469,0.034252453762869,0.22611015092919
Mrk1040,0.0167,60101002004,7.29,0,0,2,1.87359,0,0,122.4,74.6646,252.017,0.684145,0.266922,1.14663,6.35552,0.0924275,1249.86,1277,WA*COMPTT+GA+PEX,2.54044E-11,1.90317E-11,2.97436E-11,1.90427E-11,1.12396E-12,7.30877E-12,0.186334,0.11922,2.48992741389528,0.239530332681018,2.16166178530264,1.89576823228594,0.03778829731438,0.38380954381469
Mrk1044,0.0165,60160109002,6.44,0,0,2,2.87451E-08,0,0,38.9933,18.6906,181.803,1.87083,0.348252,3.55533,6.361,0.146181,418.413,419,WA*COMPTT+GA+PEX,8.51329E-12,4.60499E-12,8.50495E-12,4.60498E-12,4.00541E-13,2.13911E-12,0.0520827,0.0282251,1.7490377531687,0.07630782778865,2.13972700179123,1.90006976656091,0.047095044650468,0.464521018549483
NGC0985,0.043,60061025002,7.92,0,0,2,5.75231,0,0,64.5508,32.6748,200.929,1.17157,0.301381,2.31061,0,0.0394512,394.508,385,WA*COMPTT+GA+PEX,8.58525E-12,8.42733E-12,1.29095E-11,8.4392E-12,7.69478E-13,4.41913E-12,0.558731,0.36486,2.06428879525062,0.126322504892368,1.93509806190308,1.94299080445512,0.059605561795577,0.523643236325718
HB89_0241p622,0.044,60160125002,8.09,0,0,2,1.24884,0,0,114.262,76.3199,221.277,0.910922,0.418204,1.39657,6.36,0.100855,824.67,800,WA*COMPTT+GA+PEX,2.29898E-11,2.03707E-11,2.54311E-11,2.03784E-11,1.2693E-12,7.88913E-12,1.14447,0.91844,2.00842610221669,0.22360469667319,2.94945012045472,1.76927612374326,0.049911329042,0.387131963255211
1H_0419m577,0.104,60101039002,8.07,0,0,2,1.30273,0,0,14.0544,12.8728,15.6,5.66712,5.25014,6.05928,5.88,0.059,1361,1332,WA*COMPTT+GA+PEX,1.4684E-11,9.50291E-12,1.63327E-11,9.50857E-12,3.12649E-13,8.91285E-13,4.42181,2.67383,1.26041841911954,0.027503718199609,4.61403494699184,1.60180258176432,0.019142517771097,0.093734914924116
2MASXJ04293830m2109441,0.0703,60260006002,8.82,0,0,2,1.30278E-08,0,0,30.726,,,4.38,3.232,5.1,6.04469,0.285716,153.512,145,WA*COMPTT+PO+PEX,1.55426E-12,1.46227E-12,1.55304E-12,1.46226E-12,2.87878E-14,1.90295E-13,0.182185,0.171859,1.20298898463834,0.06012915851272,7.03078950330579,1.45867784156928,0.018536418894555,0.130137595229303
Ark120,0.0323,60001044002,8.07,0.05,0.06,1,0.743233,0,0,159.896,97.1778,458.256,0.569461,0.123398,0.977682,6.22723,0.164245,1108.3,1053,WA*COMPTT+GA+PEX,2.51875E-11,1.81779E-11,2.68482E-11,1.81824E-11,9.35568E-13,6.09219E-12,0.64276,0.435075,2.60503266681895,0.312908023483366,2.51877071727161,1.83243883810431,0.034846581893758,0.335059728088701
ESO_362mG18,0.0125,60201046002,7.42,0,0,2,0.631932,0,0,39.1417,24.3005,98.7767,3.4635,1.5651,4.88043,6.25794,0.193081,1180.58,1155,WA*COMPTT+PO+PEX,1.06186E-11,1.07779E-11,1.11306E-11,1.07805E-11,4.56351E-13,2.45097E-12,0.0386559,0.0375106,1.25106514454809,0.076598238747554,6.18790070285841,1.50066584795106,0.040999676567301,0.227352163628774
MCGp8m11m11,0.0205,60201027002,7.62,0,0,2,0.405626,0,0,50.8843,36.9275,67.4296,2.01814,1.54197,2.71661,6.23543,0.102103,1781.31,1632,WA*COMPTT+PO+PEX,5.35096E-11,3.44838E-11,5.54022E-11,3.44893E-11,1.19167E-12,6.73223E-12,0.524861,0.327588,1.52466062425875,0.099577886497065,3.39248167773798,1.71510114922174,0.02150943464339,0.195197641007501
PKS0558m504,0.1372,60160254002,7.33,0,0,2,0.379993,0,0,38.5,,,1.68,1.53,1.85,6.11726,0.0686597,341.375,408,WA*COMPTT+GA+PEX,1.00075E-11,3.26955E-12,1.04061E-11,3.27011E-12,6.05E-14,3.65521E-13,5.38334,1.68674,1.90353468321294,0.075342465753425,1.7658127228373,1.98292336930676,0.005813897617743,0.111776362263043
Mrk6,0.0188,60102044004,8.1,0.04,0.04,1,12.7428,11.7,13.81,22.1102,17.8591,30.861,5.7028,4.48771,6.63395,6.12495,0.134866,911.001,968,WA*COMPTT+GA+PEX,8.16117E-12,1.84748E-11,1.36618E-11,1.85495E-11,1.41314E-12,6.13392E-12,0.107772,0.147119,1.16822744862176,0.043268493150685,7.76071193119649,1.42700868127589,0.103437321582808,0.330678454944877
Mrk376,0.056,60160288002,8.17,0,0,2,4.2967,0,0,36.4081,16.6671,240.956,1.37259,0.299819,2.72046,6.06,0.242,305.127,319,WA*COMPTT+GA+PEX,4.1338E-12,3.51595E-12,5.94954E-12,3.51778E-12,5.55047E-13,2.72955E-12,0.452513,0.26448,2.29951895646118,0.071248727984345,1.19261986983465,2.16362536710829,0.093292422607462,0.775929705666642
1RXSJ073308d7p455511,0.01414,60260007002,8.36,0,0,2,0.90743,0,0,9.72,,,7.13,6.58,7.56,0,0.0133163,200.049,180,WA*COMPTT+PO+PEX,2.3114E-12,1.46677E-12,2.49542E-12,1.46742E-12,5.48807E-27,2.24205E-26,0.011142,0.00656799,1.23942469881716,0.019021526418787,4.74605159765534,1.59179236360411,2.19925703889526E-15,1.52788567690232E-14
Mrk9,0.0399,60061326002,7.59,0,0,2,3.20376,0,0,78.0755,26.8992,491.787,0.769192,0.3185,2.18828,6.23533,0.074332,202.788,232,WA*COMPTT+GA+PEX,2.71972E-12,2.97862E-12,3.52796E-12,2.97989E-12,3.72443E-13,2.22157E-12,0.13122,0.109923,2.74754621831826,0.152789628180039,1.33999093760116,2.10832549281377,0.105568940690938,0.745520807815054
PG0804+761,0.1,60160322002,8.73,0.05,0.05,1,1.7402,0,0,71.2,32.7994,346.723,0.983077,0.427984,2.11834,5.75,0.152,300.327,327,WA*COMPTT+GA+PEX,6.70712E-12,5.34151E-12,7.80736E-12,5.34341E-12,5.96982E-13,3.21753E-12,1.98953,1.35403,2.2963618624305,0.139334637964775,1.69211249553655,2.0017989929451,0.076464003196983,0.602149189375324
3C206,0.1976,60160332002,8.27,0,0,2,4.02607E-08,0,0,58.4,25.4691,365.431,1.6505,0.373202,3.55755,0,0,432.793,449,WA*COMPTT+GA+PEX,1.08292E-11,6.83716E-12,1.08194E-11,6.83714E-12,4.69981E-13,2.09709E-12,11.8706,7.71337,1.65847355634514,0.114285714285714,2.91405273795918,1.77402964171329,0.043438730428674,0.306720353832158
SWIFTJ0845d0m3531,0.137,60061085002,8.98,0,0,2,1.70177,0,0,12.5,,,6.92,5.85,7.29,0,0.048463,143.367,170,WA*COMPTT+GA+PEX,4.1064E-12,3.52145E-12,4.66873E-12,3.52375E-12,2.06871E-13,7.73359E-13,2.25523,1.75688,1.20007802601245,0.024461839530333,5.8873837033406,1.51736011628085,0.044309908690372,0.219470450514367
Mrk704,0.0292,60061090002,8.48,0,0,2,6.83973,0,0,53.7264,31.5628,110.016,1.90116,0.943523,3.20882,6.1838,0.190907,569.504,555,WA*COMPTT+GA+PEX,7.62221E-12,1.11977E-11,1.12701E-11,1.12152E-11,1.08008E-12,6.11048E-12,0.218584,0.218366,1.55513763074378,0.105139726027397,3.29515940148334,1.72623082475848,0.095835884331106,0.544839146872102
RBS0770,0.0323,60061092002,7.34,0,0,2,1.0784E-07,0,0,61.113,,,1.53,1.41,1.66,6.23793,0.100274,595.89,651,WA*COMPTT+GA+PEX,2.23054E-11,1.35913E-11,2.22847E-11,1.35912E-11,5.22568E-13,3.41487E-12,0.533865,0.325622,1.72012538522796,0.119594911937378,2.73760396901649,1.79882554609455,0.023449631361427,0.251255959738654
Mrk110,0.0353,60201025002,7.29,0.1,0.1,1,0.315734,0,0,45.6001,32.7608,57.0975,2.42182,1.95508,3.19385,6.15206,0.0454658,1806.13,1761,WA*COMPTT+PO+PEX,3.87123E-11,2.28303E-11,3.97737E-11,2.28338E-11,2.57563E-19,1.39162E-18,1.13932,0.657291,1.41910273526922,0.08923698630137,4.01390505737745,1.6521767139073,6.47571133688845E-09,6.09456157100439E-08
3C227,0.0858,60061329002,8.61,0,0,2,2.68491,0,0,43.941,,,2.13,1.88,2.42,6.22309,1.06551E-12,434.615,460,WA*COMPTT+GA+PEX,1.10456E-11,8.52014E-12,1.37007E-11,8.52876E-12,3.32713E-13,2.08326E-12,2.49138,1.551,1.54265537992208,0.085990215264188,3.08190742962252,1.75208811069512,0.024284379630238,0.244262940919899
2MASXJ10195855m0234363,0.0602,60260015002,8.34,0,0,2,4.67455E-08,0,0,13.65,,,5.05,3.28,7.23,6.34191,0.117153,80.5244,72,WA*COMPTT+PO+PEX,5.48118E-13,3.85232E-13,5.47638E-13,3.8523E-13,2.70291E-14,1.28008E-13,0.0471232,0.0335422,1.33055944204836,0.026712328767123,3.61332475136048,1.69123199334011,0.049355778817394,0.332289800898165
NGC3227,0.0039,60202002008,6.77,0.08,0.11,1,0.798212,0,0,65.3405,51.1145,86.887,1.56256,1.18084,1.99133,6.27533,0.104084,1248.18,1242,WA*COMPTT+PO+PEX,4.16477E-11,3.45684E-11,4.44928E-11,3.45768E-11,2.17543E-12,1.32496E-11,0.0149006,0.0115829,1.65691789831834,0.127867906066536,3.0955105492099,1.75037418042098,0.048893978351554,0.38319335508202
SDSSJ104326d47p110524d2,0.0476,60160406002,7.91,0,0,2,0.456672,0,0,16.3995,,,6.22,5.76,6.54,6.49399,0.119704,264.276,274,WA*COMPTT+GA+PEX,3.83558E-12,3.38142E-12,3.97484E-12,3.38215E-12,2.90727E-18,1.14489E-17,0.208654,0.17807,1.18939251709939,0.032092954990215,6.50503312064014,1.48409056571087,7.3141811997464E-07,3.38509527962982E-06
Mrk728,0.0356,60061338002,7.71,0,0,2,3.0506,0,0,105.274,,,1.07,0.88,1.26,6.74307,0.0722033,281.744,279,WA*COMPTT+GA+PEX,3.54899E-12,2.99293E-12,4.46075E-12,2.99706E-12,3.36298E-14,2.31598E-13,0.129913,0.0873449,1.83018319347837,0.206015655577299,3.32930883438605,1.72228029581329,0.007539046124531,0.07727506289497
NGC3516,0.0088,60002042004,7.39,0.04,0.06,1,1.3256,0,0,21.9299,19.355,25.8081,5.17372,4.47839,5.80049,6.36905,0.26887,860.349,813,WA*COMPTT+GA+PEX,5.58095E-12,6.04271E-12,6.12876E-12,6.04574E-12,2.90084E-13,1.27465E-12,0.0105015,0.0103762,1.20378680549424,0.0429156555773,6.42433483182663,1.48821318344588,0.047331597256215,0.210834405713775
Mrk732,0.029,60061208002,7.23,0,0,2,4.34183E-08,0,0,133.741,,,1.11,1.04,1.17,6.24889,0.0974017,516.875,517,WA*COMPTT+GA+PEX,8.00939E-12,5.92308E-12,8.00247E-12,5.92306E-12,7.8156E-14,5.42819E-13,0.153095,0.113374,1.63911105601128,0.261724070450098,5.01885823457999,1.57214476530472,0.00976648459788,0.091645028076704
Mrk739E,0.0299,60260008002,7.14,0,0,2,1.21373,0,0,28.07,,,1.97,1.71,2.29,0,0.0416856,227.035,233,WA*COMPTT+PO+PEX,4.53041E-12,3.18256E-12,5.10123E-12,3.18318E-12,3.71505E-13,2.21102E-12,0.105303,0.0651766,1.90168542086929,0.054931506849315,1.56807369890036,2.03595299437129,0.072826553595898,0.694594713462638
SBS1136p594,0.0601,60160443002,7.98,0,0,2,0.000147323,0,0,39.3608,20.1115,193.893,2.84775,0.626583,4.75803,6.14855,0.0993223,516.921,535,WA*COMPTT+GA+PEX,1.04937E-11,6.94351E-12,1.04847E-11,6.94348E-12,1.55484E-13,7.78586E-13,0.897044,0.59932,1.35759111447174,0.077027005870842,4.41626702674082,1.61747244326347,0.014829608858623,0.112131956886172
NGC3783,0.0097,60101110004,7.37,0.08,0.08,1,2.16529,0,0,53.3135,41.7365,69.0956,2.12724,1.64181,2.70262,6.23304,0.15151,1337.8,1259,WA*COMPTT+GA+PEX,3.30153E-11,3.65317E-11,3.85979E-11,3.65539E-11,2.71229E-12,1.57725E-11,0.0805324,0.0763693,1.45923214455578,0.104331702544031,3.934812037711,1.65949973235104,0.070270403312097,0.431486106817604
UGC06728,0.0065,60376007002,5.66,0,0,2,0.440829,0,0,44.0014,24.1152,77.5398,2.41453,1.43717,3.9674,6.39902,0.0618507,975.873,955,WA*COMPTT+PO+PEX,1.35851E-11,1.08538E-11,1.40896E-11,1.08554E-11,6.2303E-13,3.47957E-12,0.013152,0.0101421,1.43494173492326,0.086108414872799,3.81775892840675,1.6706741003415,0.044219140358846,0.320538165337067
SDSSJ114921d52p532013d4,0.0951,60260009002,8.61,0,0,2,1.72386,0,0,8.57027,5.89295,18.8519,7.20761,4.43729,9.25025,5.98,0.104936,197.176,189,WA*COMPTT+PO+PEX,2.06827E-12,1.14093E-12,2.35766E-12,1.14168E-12,1.86152E-13,3.44435E-13,0.527225,0.281947,1.26374761070758,0.01677156555773,4.23488006556281,1.63261766951946,0.078956253234139,0.301691367108121
Mrk1310,0.0194,60160465002,6.21,0.07,0.09,1,8.33554E-08,0,0,22.1038,,,4.65,4.21,4.81,6.05608,0.138847,411.832,445,WA*COMPTT+GA+PEX,8.50388E-12,5.98058E-12,8.49638E-12,5.98056E-12,1.39036E-13,9.75248E-13,0.0719191,0.0506199,1.24696304414179,0.043255968688845,5.33229644531692,1.55112218774375,0.016364145671451,0.163069679093597
NGC4051,0.0023,60001050008,6.13,0.12,0.16,1,2.25101,0,0,37.5766,30.1995,46.1935,1.49843,1.23038,1.83637,6.34517,0.0795728,1091.1,1100,WA*COMPTT+GA+PEX,2.92906E-11,1.86057E-11,3.61752E-11,1.86134E-11,2.25638E-12,1.21546E-11,0.00420835,0.00216456,2.10623613874366,0.07353542074364,1.42508918452321,2.07967464590476,0.062373670359805,0.65300267549185
2MASXJ12055599p4959561,0.0631,60061357002,8.42,0,0,2,6.51779E-07,0,0,81.3845,,,1.1,0.74,1.73,6.24916,0.244639,158.863,139,WA*COMPTT+GA+PEX,1.64501E-12,1.64967E-12,1.64359E-12,1.64967E-12,1.48738E-13,9.88647E-13,0.156181,0.155594,1.97827380264219,0.159265166340509,2.40911507000831,1.85065423777753,0.090495804914851,0.599299859971994
NGC4151,0.0033,60001111005,7.56,0.05,0.05,1,7.16298,0,0,38.5302,36.2541,41.1972,3.51105,3.32572,3.68444,6.30027,0.107445,3522.04,2423,WA*COMPTT+GA+PEX,1.80017E-10,2.58939E-10,2.68607E-10,2.59648E-10,1.013E-11,5.48241E-11,0.0643081,0.0621932,1.24839244376762,0.07540156555773,6.21776979635798,1.49906086000794,0.037713090127957,0.211147784693123
Mrk766,0.012,60001048002,6.82,0.05,0.06,1,1.58114,0,0,32.6124,23.9835,42.7056,1.81937,1.40527,2.41163,6.85998,0.0585532,1219.7,1096,WA*COMPTT+GA+PEX,2.16923E-11,1.03328E-11,2.53192E-11,1.03371E-11,1.03352E-12,5.26618E-12,0.0816077,0.0333116,1.90836811759864,0.063820743639922,1.6437531331211,2.01473917318744,0.040819615153717,0.509444621799151
Mrk205,0.0708,60160490002,8.61,0,0,2,0.740091,0,0,49.9285,21.2748,266.931,1.63769,0.22446,3.61498,6.07,0.0988886,367.991,418,WA*COMPTT+GA+PEX,8.53812E-12,4.88411E-12,9.13009E-12,4.88532E-12,3.18015E-13,1.66787E-12,1.11475,0.600317,1.76097414680743,0.097707436399217,2.34810238848431,1.86123390758053,0.034831529590617,0.341404452523069
RBS1125,0.063,60061229002,7.76,0.18,0.22,1,5.20843E-08,0,0,39.61,,,1.78,1.5,2.15,6.0567,0.129847,228.468,234,WA*COMPTT+GA+PEX,4.19877E-12,2.68385E-12,4.19465E-12,2.68384E-12,2.01649E-13,1.3406E-12,0.402544,0.254339,1.80299304747176,0.077514677103718,2.01001588766219,1.92665899150618,0.048072902387565,0.499508167401932
NGC4593,0.009,60001149006,6.88,0.08,0.1,1,1.50018E-08,0,0,91.75,,,1.48,1.34,1.63,6.4015,0.204351,613.484,677,WA*COMPTT+GA+PEX,1.59182E-11,1.5122E-11,1.59052E-11,1.5122E-11,7.34664E-13,5.02304E-12,0.0285384,0.0271385,1.53887435516493,0.179549902152642,4.52931135527208,1.60841305724216,0.046190176797525,0.33216770268483
WKK1263,0.0244,60160510002,8.25,0,0,2,1.64147,0,0,143.128,,,0.73,0.67,0.81,6.39965,0.0420734,688.75,721,WA*COMPTT+GA+PEX,2.84472E-11,2.13504E-11,3.25753E-11,2.13647E-11,5.21829E-13,3.64103E-12,0.439659,0.288268,2.19716883171566,0.280093933463796,3.0001673645768,1.76258548214786,0.016019161757528,0.170422706614181
6dFJ1254564m265702,0.0591,60363001002,8.25,0,0,2,1.01686,0,0,16.59,,,3.76634,0.75065,5.79135,5.85,0.129922,272.157,310,WA*COMPTT+PO+PEX,5.13344E-12,4.09309E-12,5.55977E-12,4.0951E-12,1.70825E-39,8.10507E-39,0.457269,0.338626,1.46939930766927,0.032465753424658,2.63400024434085,1.81431352429227,3.07251918694478E-28,1.97921174086103E-27
ESO323mG081,0.015,60161526002,6.98,0,0,2,6.14313E-08,0,0,13.0661,9.6131,19.1917,7.15587,4.82499,8.65279,6.49073,0.277863,48.6739,43,WA*COMPTT+GA+PEX,4.69002E-13,4.1026E-13,4.68629E-13,4.10258E-13,9.23137E-22,2.99054E-21,0.00235066,0.00206461,1.18012229817402,0.025569667318982,6.57974721718691,1.48032900774866,1.96986742177714E-09,7.28941300352461E-09
NGC5273,0.0035,60061350002,6.66,0.13,0.19,1,1.33096,0,0,143.04,,,0.86,0.77,0.97,6.16836,0.167735,758.755,702,WA*COMPTT+GA+PEX,1.74713E-11,1.80443E-11,1.9305E-11,1.80534E-11,5.39741E-13,3.87027E-12,0.00520134,0.00486422,1.92335749178469,0.279921722113503,3.79646763236109,1.67275167458247,0.027958611758612,0.214379008940144
IC4329A,0.016,60001045002,7.84,0,0,2,0.585225,0,0,35.7785,30.7982,41.6613,3.06775,2.68856,3.47647,6.27125,0.0727909,2767.49,2277,WA*COMPTT+GA+PEX,1.03543E-10,7.84158E-11,1.08641E-10,7.84339E-11,2.90358E-12,1.51484E-11,0.622195,0.450333,1.3407074708803,0.070016634050881,4.47371159328637,1.61283386191184,0.026726374020858,0.19313587619639
UM614,0.0327,60160560002,7.09,0,0,2,2.61804,0,0,27.025,,,3.27,2.83,3.77,6.2995,0.0405427,322.597,351,WA*COMPTT+GA+PEX,6.48529E-12,5.83578E-12,7.9516E-12,5.84054E-12,3.48799E-13,2.19819E-12,0.195032,0.143329,1.39109397892429,0.052886497064579,3.57865906326569,1.69485893377575,0.043865259821923,0.376367596146932
NGC5548,0.0172,60002044008,7.72,0.02,0.02,1,3.94829,0,0,39.2714,29.3226,57.4523,3.37881,2.47002,4.20116,6.26988,0.110878,1250.09,1270,WA*COMPTT+GA+PEX,2.63102E-11,3.22081E-11,3.39247E-11,3.22557E-11,1.38571E-12,7.40308E-12,0.22435,0.213895,1.26205193271183,0.076852054794521,5.94629646441571,1.51400645725764,0.040846639763948,0.229512303251828
Mrk813,0.1105,60160583002,8.87,0,0,2,1.16847,0,0,29.7698,,,2.21,1.99,2.47,0,0,487.012,461,WA*COMPTT+GA+PEX,7.94936E-12,4.96852E-12,8.86535E-12,4.96995E-12,4.87627E-13,2.59281E-12,2.81617,1.57019,1.71039727496547,0.058257925636008,2.03838660692175,1.92066743109771,0.055003694157591,0.521697401382308
Mrk817,0.0314,60160590002,7.59,0.06,0.07,1,5.23117,0,0,169.637,,,0.27,0.21,0.33,6.09,0.179,425.627,449,WA*COMPTT+GA+PEX,7.00487E-12,7.12835E-12,1.04531E-11,7.13562E-12,6.41263E-13,4.43376E-12,0.237972,0.160737,5.26549132605791,0.331970645792564,1.05995695961122,2.22107340166435,0.061346681845577,0.6213559578565
IGRJ14471m6414,0.053,60061257002,7.7,0,0,2,1.26637,0,0,60.08,,,1.43,1.14,1.85,6.36021,0.100766,203.008,192,WA*COMPTT+GA+PEX,4.15094E-12,3.07722E-12,4.63341E-12,3.07843E-12,1.7237E-13,1.16286E-12,0.308323,0.20373,1.81721068096993,0.117573385518591,2.40278756636869,1.8517361337508,0.037201542708286,0.377744499631306
IGRJ14552m5133,0.016,60061259002,6.86,0,0,2,1.26779,0,0,56.6209,,,1.32,1.16,1.51,6.21176,0.135877,355.932,388,WA*COMPTT+GA+PEX,6.37966E-12,5.11702E-12,7.12659E-12,5.11847E-12,4.62805E-13,2.87916E-12,0.0409649,0.0293804,1.97683274014043,0.110804109589041,1.95888636112999,1.93772246971902,0.064940595712676,0.562504029524448
Mrk841,0.0364,60101023002,7.81,0,0,2,1.28735,0,0,57.9331,27.6717,216.566,1.67608,0.415743,3.30755,6.17208,0.0759742,633.184,670,WA*COMPTT+GA+PEX,1.66163E-11,1.15505E-11,1.85171E-11,1.1556E-11,5.40147E-13,3.06884E-12,0.56598,0.354538,1.64589478268084,0.113372015655577,2.95645426362528,1.76834379847651,0.029170172435209,0.265562478366217
Mrk1392,0.0361,60160605002,7.59,0,0,2,0.480647,0,0,41.33,,,2.02,1.72,2.41,6.22632,0.122094,347.785,312,WA*COMPTT+GA+PEX,5.1281E-12,4.01825E-12,5.34974E-12,4.01877E-12,2.66277E-13,1.82615E-12,0.161024,0.120422,1.62662949142561,0.080880626223092,2.61212610371805,1.81767884966996,0.049773820783814,0.45440520358219
2MASXJ15144217m8123377,0.0684,60061263002,8.96,0,0,2,3.4098,0,0,39.2,19.4893,227.11,2.69334,0.410873,5.0566,6.144,0.21,167.199,203,WA*COMPTT+GA+PEX,4.98863E-12,5.12597E-12,6.33991E-12,5.13152E-12,3.76691E-13,1.85771E-12,0.708795,0.581183,1.39677717082886,0.076712328767123,3.98897342899286,1.65446589685413,0.059415827669478,0.362019440633574
Mrk290,0.0296,60061266002,7.28,0.06,0.06,1,0.000286313,0,0,26.5112,16.0869,87.8175,3.85276,1.31309,5.83007,6.31489,0.12635,439.669,481,WA*COMPTT+GA+PEX,7.78117E-12,6.1135E-12,7.77482E-12,6.11348E-12,3.72983E-13,1.7174E-12,0.155,0.122675,1.29551877296572,0.051881017612525,4.68516665187388,1.59636614343904,0.047973200665739,0.280920196025831
WKK6092,0.0156,60160632002,7.26,0,0,2,1.64621,0,0,38.9402,20.5675,156.656,2.82572,1.01763,4.72923,6.27991,0.136928,574.89,531,WA*COMPTT+GA+PEX,9.21027E-12,7.70365E-12,1.04631E-11,7.70844E-12,3.36441E-13,1.79956E-12,0.0569366,0.0420476,1.36617526942406,0.076203913894325,4.29960673653288,1.627123723234,0.032155001863692,0.233453201944881
2E1739d1m1210,0.037,60160670002,7.79,0,0,2,1.11448E-07,0,0,78.412,,,1.3,1.19,1.46,0,0,535.293,533,WA*COMPTT+GA+PEX,1.12866E-11,8.48199E-12,1.12765E-11,8.48196E-12,4.59671E-13,3.08829E-12,0.356153,0.267451,1.76761934287333,0.153448140900196,2.96169628544989,1.76764779463931,0.040763623464728,0.364100986092837
1RXSJ174538d1p290823,0.1106,60160674002,8.82,0,0,2,4.90612,0,0,39.1441,17.6533,384.385,2.58976,0.250334,5.04601,6.20575,0.0572755,412.947,380,WA*COMPTT+GA+PEX,5.91305E-12,5.13637E-12,8.29876E-12,5.14655E-12,2.16251E-13,1.00002E-12,2.56987,1.6238,1.4260871246903,0.076602935420744,3.72143477170009,1.68018840104527,0.026058230386226,0.194308808813671
IGRJ17476m2253,0.047,60463061002,8.53,0,0,2,1.93904,0,0,40.42,,,3.23,2.81,3.38,5.97,0.0486058,481.528,498,WA*COMPTT+PO+PEX,6.47645E-12,5.65745E-12,7.5136E-12,5.66261E-12,2.17992E-14,1.56698E-13,0.35399,0.26678,1.27730867875411,0.079099804305284,5.69070280674844,1.5288605428986,0.002901298977854,0.027672398416984
2MASXiJ1802473m145454,0.036,60160680002,7.76,0,0,2,2.54483,0,0,85.1053,,,1.09,1.01,1.19,6.23714,0.124953,685.427,677,WA*COMPTT+GA+PEX,1.99932E-11,1.37071E-11,2.45856E-11,1.37215E-11,3.5516E-13,2.41464E-12,0.736212,0.410665,1.95770035930578,0.166546575342466,2.52866933413615,1.83084236495629,0.014445854483926,0.175974929854608
H1821p643,0.297,60160683002,9.59,0,0,2,2.54192,0,0,77.6,38.9181,281.672,0.848692,0.127563,1.72006,0,0,505.692,568,WA*COMPTT+GA+PEX,1.39127E-11,7.34776E-12,1.74638E-11,7.35367E-12,7.09524E-13,2.88757E-12,50.2188,21.9041,2.51774421702044,0.151859099804305,1.53196654435824,2.04652008467847,0.040628271052119,0.392670598490278
3C382,0.0579,60001084002,8.19,0,0,2,1.12754,0,0,33.886,33.3447,80.1265,3.32916,2.9861,3.43774,6.09016,0.0581668,1315.54,1299,WA*COMPTT+GA+PEX,2.88067E-11,2.00095E-11,3.15832E-11,2.00205E-11,0,0,2.50009,1.59636,1.30843906697354,0.066313111545988,4.83698664513182,1.58509306235668,0,0
3C390.3,0.056,60001082003,8.64,0.04,0.05,1,0.791382,0,0,52.1834,35.1186,93.2956,2.28705,1.31428,3.23452,6.02742,0.0575003,1227.11,1186,WA*COMPTT+GA+PEX,3.93268E-11,2.71424E-11,4.19898E-11,2.71524E-11,2.09031E-13,1.12863E-12,3.1024,2.02058,1.41157040185012,0.102120156555773,4.32518123873452,1.62498077366994,0.00497813754769,0.04156649135988
2MASXJ18560128p1538059,0.084,60160701002,8.29,0,0,2,2.50788,0,0,26.8776,18.6759,52.6611,3.61441,1.99837,4.85651,5.86,0.257,431.672,451,WA*COMPTT+GA+PEX,7.13323E-12,6.51326E-12,8.57693E-12,6.51865E-12,5.19986E-13,2.20165E-12,1.47421,1.14449,1.32797228528051,0.052598043052838,4.2472642189109,1.6315586059017,0.060626121467705,0.337746312503356
ESO_141mG_055,0.036,60201042002,8.07,0,0,2,0.50542,0,0,102.098,61.2412,168.209,0.931645,0.541011,1.54035,6.15406,0.0785104,1369.24,1284,WA*COMPTT+PO+PEX,2.52535E-11,1.65054E-11,2.64007E-11,1.65084E-11,7.39328E-13,4.59071E-12,0.789471,0.494326,2.06413336977668,0.199800391389433,2.58769995372894,1.82147774624914,0.028004105951736,0.278083278815633
2MASXJ19301380p3410495,0.0629,60376001002,8.15,0,0,2,25.67,22.12,30.21,14.6732,11.6145,20.9502,7.93078,6.25759,9.35824,6.04118,0.141852,675.487,650,WA*COMPTT+PO+PEX,2.62153E-12,7.65967E-12,4.72922E-12,7.70845E-12,7.82832E-13,2.49097E-12,0.431493,0.725915,1.13256399071189,0.028714677103718,9.06961919438898,1.37843074382997,0.16553089092916,0.32314797397661
2MASSJ19334715p3254259,0.0578,60160714002,7.88,0,0,2,1.45176,0,0,69.846,31.488,137.403,1.03619,0.129598,2.19956,6.5694,0.0744901,446.001,447,WA*COMPTT+GA+PEX,1.46179E-11,9.51618E-12,1.66654E-11,9.51985E-12,8.03553E-13,4.59387E-12,1.33613,0.761506,2.21302075514935,0.136684931506849,1.78424943426214,1.97835171165478,0.048216844480181,0.48255697306155
IGRJ19378m0617,0.0103,60101003002,6.56,0,0,2,3.17869,0,0,26.3968,19.3486,40.2718,1.85043,1.21874,2.47035,6.79949,0.126968,929.524,927,WA*COMPTT+GA+PEX,2.18405E-11,7.96015E-12,2.98841E-11,7.96695E-12,8.52885E-13,4.0511E-12,0.0709053,0.018892,2.04758559582483,0.051657142857143,1.31506439266841,2.11714131495876,0.028539758600728,0.50848819184255
2MASXJ19380437m5109497,0.04,60160716002,7.23,0,0,2,1.31886,0,0,18.4939,,,4.31,3.89,4.76,6.13627,0.0964973,372.077,437,WA*COMPTT+GA+PEX,7.85831E-12,5.13821E-12,8.79443E-12,5.14067E-12,2.56067E-13,1.42684E-12,0.326714,0.191771,1.33455059518876,0.036191585127202,3.79276765672584,1.67311416529895,0.029116952434666,0.277559150849986
NGC6814,0.0052,60201028002,7.04,0.06,0.06,1,1.14393,0,0,84.0195,55.5737,138.847,1.31052,0.801542,1.9367,6.4027,0.105074,1698.41,1691,WA*COMPTT+PO+PEX,3.28154E-11,2.46182E-11,3.60513E-11,2.46291E-11,8.2384E-13,5.20102E-12,0.0215033,0.014696,1.71493083977468,0.164421722113503,3.30122459177796,1.72552553717413,0.022851880514711,0.211173774112737
2MASXJ20350566p2603301,0.048,60160741002,7.08,0,0,2,2.09495,0,0,15.2172,,,5.65,4.57,6.16,0,0,153.145,151,WA*COMPTT+GA+PEX,3.27256E-12,2.81318E-12,3.84485E-12,2.81547E-12,9.76202E-14,5.97436E-13,0.206672,0.151917,1.24325898451236,0.029779256360078,5.00863559673858,1.57285725588982,0.025389859162256,0.212197608214614
4C74d26,0.104,60001080006,9.6,0,0,2,1.21248,0,0,32.7128,26.1999,42.373,2.82551,2.24035,3.41258,6.07,0.0696931,1313.57,1327,WA*COMPTT+GA+PEX,2.7714E-11,1.85701E-11,3.06868E-11,1.85784E-11,1.14048E-12,5.0293E-12,8.36582,5.16864,1.42807549720914,0.064017221135029,3.47661386037791,1.70578985675614,0.037165165478317,0.270706842354562
Mrk509,0.0344,60101043002,8.05,0.04,0.03,1,0.459173,0,0,21.9657,19.755,24.9779,4.23632,3.85194,4.57973,6.24623,0.0683092,1929.67,1809,WA*COMPTT+GA+PEX,4.58533E-11,3.00571E-11,4.76624E-11,3.00629E-11,9.76193E-13,4.11932E-12,1.29426,0.82222,1.29505122927346,0.042985714285714,4.46997930726242,1.61313302330872,0.020481406727316,0.137023374325165
S52116p81,0.084,60061303002,8.9,0,0,2,0.818717,0,0,67.539,,,1.61,1.44,1.8,6.18013,0.0996195,512.052,540,WA*COMPTT+GA+PEX,1.32991E-11,8.94799E-12,1.4263E-11,8.95107E-12,1.98873E-13,1.27287E-12,2.47031,1.55262,1.60692936191032,0.132170254403131,3.39607265892022,1.71469797566428,0.013943279814906,0.142203110912997
2MASXJ21192912p3332566,0.0507,60061358002,8.37,0,0,2,2.42619,0,0,18.12,,,3.94,3.59,4.32,6.14253,0.0677262,427.022,458,WA*COMPTT+GA+PEX,8.56763E-12,5.33447E-12,1.05027E-11,5.33912E-12,2.99443E-13,1.57755E-12,0.638948,0.326582,1.40065366719601,0.03545988258317,3.1522853920345,1.74331892554838,0.028511049539642,0.295470040006593
IGRJ21247p5058,0.02,60061305002,7.63,0,0,2,4.94829,0,0,39.0157,30.9728,50.1475,2.91473,2.33496,3.54389,6.35897,0.0172426,1277.39,1244,WA*COMPTT+GA+PEX,6.94187E-11,6.31914E-11,9.72581E-11,6.33375E-11,6.49987E-13,3.44445E-12,0.875114,0.571471,1.34559880923551,0.076351663405088,4.54908929073979,1.60685645686047,0.006683114311302,0.054382474837182
3C445,0.0562,60160788002,7.99,0,0,2,12.7637,9.93,13.36,19.0985,14.6242,28.7991,5.76718,4.2546,7.02973,6.11243,0.111919,436.875,444,WA*COMPTT+GA+PEX,5.25322E-12,1.00372E-11,9.12993E-12,1.00829E-11,6.89646E-13,2.60561E-12,0.67063,0.752468,1.1891806738291,0.037374755381605,6.70684378590258,1.47404862163455,0.075536833250638,0.258418708903192
MCGp01m57m016,0.025,60061343002,7.61,0,0,2,4.10486,0,0,23.7986,,,3.09,2.58,3.51,6.22557,0.0412448,276.764,271,WA*COMPTT+GA+PEX,3.68753E-12,3.49178E-12,5.0356E-12,3.4952E-12,3.12456E-13,1.8682E-12,0.0716431,0.0496735,1.48408835453292,0.046572602739726,2.79295094651762,1.79084227768237,0.06204940821352,0.534504463263905
MR2251m178,0.064,60102025008,8.44,0,0,2,1.63343,0,0,64.8,31.4647,126.788,1.65223,0.841475,3.2551,6.21706,0.0245148,893.495,959,WA*COMPTT+GA+PEX,4.7895E-11,3.09688E-11,5.48389E-11,3.09925E-11,3.12201E-13,1.74613E-12,5.37116,3.06052,1.60155590011963,0.126810176125245,3.35025911833529,1.71988112254601,0.005693057300566,0.056340404936678
NGC7469,0.0163,60101001002,6.96,0.05,0.05,1,1.8229,0,0,91.0863,55.6903,179.443,0.869377,0.384545,1.43752,6.27159,0.115262,780.794,790,WA*COMPTT+GA+PEX,3.03811E-11,1.94022E-11,3.55982E-11,1.94138E-11,1.08516E-12,6.82799E-12,0.21255,0.115878,2.29587055780781,0.178251076320939,1.98497777339302,1.93203325005921,0.030483563775697,0.35170806333639
MRK_926,0.0469,60201029002,8.55,0,0,2,9.08282E-08,0,0,39.2,30.2221,85.6838,2.94259,1.44376,3.62696,6.10586,0.0585735,1744.85,1687,WA*COMPTT+PO+PEX,5.58611E-11,3.58243E-11,5.58121E-11,3.58241E-11,1.8512E-13,9.45324E-13,2.85919,1.84655,1.33823580272192,0.076712328767123,4.65223927727029,1.59887007833871,0.003316843480177,0.02638793437937
